<project xmlns="http://maven.apache.org/POM/4.0.0"
	xmlns:xsi="http://www.w3.org/2001/XMLSchema-instance"
	xsi:schemaLocation="http://maven.apache.org/POM/4.0.0 http://maven.apache.org/xsd/maven-4.0.0.xsd">
	<modelVersion>4.0.0</modelVersion>
	<groupId>URL_Count</groupId>
	<artifactId>URL_Count</artifactId>
	<version>1.0</version>
	<dependencies>
		<!-- https://mvnrepository.com/artifact/org.seleniumhq.selenium/selenium-java -->
		<dependency>
			<groupId>org.seleniumhq.selenium</groupId>
			<artifactId>selenium-java</artifactId>
			<version>3.141.59</version>
		</dependency>
		<dependency>
			<groupId>org.seleniumhq.selenium</groupId>
			<artifactId>htmlunit-driver</artifactId>
			<version>2.32.1</version>
		</dependency>


		<!-- <dependency> <groupId>org.seleniumhq.selenium</groupId> <artifactId>selenium-htmlunit-driver</artifactId> 
			<version>2.52.0</version> </dependency> <dependency> <groupId>org.seleniumhq.selenium</groupId> 
			<artifactId>selenium-api</artifactId> <version>2.53.1</version> </dependency> -->
		<!-- <dependency> <groupId>org.seleniumhq.selenium</groupId> <artifactId>selenium-remote-driver</artifactId> 
			<version>2.44.0</version> <version>3.6.0</version> </dependency> <dependency> 
			<groupId>org.seleniumhq.selenium</groupId> <artifactId>selenium-api</artifactId> 
			<version>3.14.0</version> </dependency> -->
		<!-- https://mvnrepository.com/artifact/org.seleniumhq.selenium/selenium-server -->
		<!-- https://mvnrepository.com/artifact/net.sourceforge.htmlunit/htmlunit -->
 
		<dependency>
			<groupId>org.seleniumhq.selenium</groupId>
			<artifactId>selenium-server</artifactId>
			<version>3.141.59</version>
			<exclusions>
				<exclusion>  <!-- declare the exclusion here -->
					<groupId>org.seleniumhq.selenium</groupId>
					<artifactId>selenium-safari-driver</artifactId>
	 			</exclusion>
	 			
	 			<exclusion>  <!-- declare the exclusion here -->
					<groupId>org.seleniumhq.selenium</groupId>
					<artifactId>selenium-edge-driver</artifactId>
	 			</exclusion>
	 			<exclusion>  <!-- declare the exclusion here -->
					<groupId>org.seleniumhq.selenium</groupId>
					<artifactId>selenium-firefox-driver</artifactId>
	 			</exclusion>
	 			<exclusion>  <!-- declare the exclusion here -->
					<groupId>org.seleniumhq.selenium</groupId>
					<artifactId>selenium-ie-driver</artifactId>
	 			</exclusion>
	 			<exclusion>  <!-- declare the exclusion here -->
					<groupId>org.seleniumhq.selenium</groupId>
					 <artifactId>selenium-opera-driver</artifactId>
	 			</exclusion>
			</exclusions>
		</dependency>

		<!-- https://mvnrepository.com/artifact/org.apache.logging.log4j/log4j-core -->
		<dependency>
			<groupId>org.apache.logging.log4j</groupId>
			<artifactId>log4j-core</artifactId>
			<version>2.11.0</version>
		</dependency>
		<!-- <dependency> <groupId>org.apache.logging.log4j</groupId> <artifactId>log4j-slf4j-impl</artifactId> 
			<version>2.11.2</version> </dependency> -->
		<dependency>
			<groupId>log4j</groupId>
			<artifactId>log4j</artifactId>
			<version>1.2.17</version>
		</dependency>

		<!-- https://mvnrepository.com/artifact/org.testng/testng -->

		<dependency>
			<groupId>org.apache.poi</groupId>
			<artifactId>poi-ooxml</artifactId>
			<version>3.10-FINAL</version>
			<exclusions>
				<exclusion>
					<artifactId>xml-apis</artifactId>
					<groupId>xml-apis</groupId>
				</exclusion>
			</exclusions>
		</dependency>
		<dependency>
			<groupId>org.apache.poi</groupId>
			<artifactId>poi</artifactId>
			<version>3.10-FINAL</version>
		</dependency>

	</dependencies>
	<build>
		<plugins>
			<plugin>
				<groupId>org.apache.maven.plugins</groupId>
				<artifactId>maven-shade-plugin</artifactId>
				<version>3.2.1</version>
				<executions>
					<execution>
						<phase>package</phase>
						<goals>
							<goal>shade</goal>
						</goals>
						<configuration>
							<transformers>
								<transformer
									implementation="org.apache.maven.plugins.shade.resource.ManifestResourceTransformer">
									<mainClass>com.urlcount.main.GetUrlCount</mainClass>
								</transformer>
							</transformers>
						</configuration>
					</execution>
				</executions>
			</plugin>
		</plugins>
	</build>
	<properties>
		<mainClass>com.urlcount.main.GetUrlCount</mainClass>
	</properties>
</project>